TimeStamp,Humedad (%), Temperatura(DHT), Temperatura (BMP), Presion (hPa), Altitud (m), CO2 (ppm)
2022:4:10:21:15:48,65.00,22.40,22.59,983.19,261.23,15980.96
2022:4:10:21:15:50,65.00,22.40,22.58,983.20,261.15,23153.25
2022:4:10:21:15:52,65.00,22.50,22.58,983.19,261.21,22946.22
2022:4:10:21:15:54,65.00,22.50,22.58,983.18,261.30,19803.58
2022:4:10:21:15:56,65.00,22.50,22.54,983.15,261.50,15820.27
2022:4:10:21:15:58,65.00,22.50,22.55,983.17,261.38,11493.16
2022:4:10:21:16:0,65.00,22.50,22.55,983.20,261.14,7549.73
2022:4:10:21:16:2,65.00,22.50,22.56,983.19,261.20,4921.06
2022:4:10:21:16:5,65.00,22.60,22.56,983.17,261.33,3425.25
2022:4:10:21:16:7,65.00,22.50,22.56,983.18,261.26,2586.23
2022:4:10:21:16:9,65.00,22.60,22.57,983.20,261.13,2096.43
2022:4:10:21:16:11,65.00,22.60,22.56,983.20,261.13,1781.59
2022:4:10:21:16:13,65.00,22.60,22.55,983.21,261.05,1601.61
2022:4:10:21:16:15,65.00,22.50,22.55,983.17,261.36,1434.01
2022:4:10:21:16:17,65.00,22.60,22.56,983.18,261.29,1308.55
2022:4:10:21:16:19,65.00,22.50,22.54,983.18,261.24,1219.35
2022:4:10:21:16:21,65.00,22.60,22.54,983.17,261.35,1134.23
2022:4:10:21:16:23,64.00,22.60,22.54,983.20,261.08,1079.70
2022:4:10:21:16:25,65.00,22.60,22.55,983.18,261.32,1026.92
2022:4:10:21:16:27,64.00,22.60,22.54,983.22,260.91,1001.18
2022:4:10:21:16:29,65.00,22.60,22.52,983.19,261.15,975.86
2022:4:10:21:16:32,64.00,22.60,22.52,983.18,261.23,926.49
2022:4:10:21:16:34,64.00,22.60,22.52,983.16,261.42,902.43
2022:4:10:21:16:36,64.00,22.60,22.51,983.18,261.20,878.79
2022:4:10:21:16:38,64.00,22.60,22.52,983.21,261.01,855.55
2022:4:10:21:16:40,64.00,22.60,22.52,983.19,261.16,832.72
2022:4:10:21:16:42,64.00,22.60,22.52,983.19,261.17,810.28
2022:4:10:21:16:44,64.00,22.60,22.52,983.18,261.26,788.25
2022:4:10:21:16:46,64.00,22.60,22.51,983.19,261.17,766.61
2022:4:10:21:16:48,64.00,22.60,22.52,983.17,261.37,745.37
2022:4:10:21:16:50,64.00,22.60,22.51,983.17,261.30,745.37
2022:4:10:21:16:52,65.00,22.60,22.51,983.21,260.98,724.51
2022:4:10:21:16:54,64.00,22.60,22.50,983.22,260.92,724.51
2022:4:10:21:16:57,64.00,22.60,22.51,983.24,260.73,704.04
2022:4:10:21:16:59,64.00,22.60,22.50,983.20,261.09,704.04
2022:4:10:21:17:1,64.00,22.60,22.48,983.21,260.92,683.95
2022:4:10:21:17:3,64.00,22.60,22.48,983.18,261.25,683.95
2022:4:10:21:17:5,64.00,22.60,22.48,983.21,260.94,664.23
2022:4:10:21:17:7,64.00,22.70,22.48,983.20,261.04,664.23
2022:4:10:21:17:9,64.00,22.70,22.48,983.19,261.10,644.89
2022:4:10:21:17:11,64.00,22.70,22.47,983.21,260.95,644.89
2022:4:10:21:17:13,64.00,22.70,22.47,983.21,260.91,644.89
2022:4:10:21:17:15,64.00,22.70,22.47,983.19,261.14,625.93
2022:4:10:21:17:17,64.00,22.70,22.47,983.24,260.66,625.93
2022:4:10:21:17:19,64.00,22.70,22.46,983.17,261.29,625.93
2022:4:10:21:17:21,64.00,22.70,22.46,983.19,261.08,607.33
2022:4:10:21:17:24,64.00,22.70,22.46,983.20,261.00,607.33
2022:4:10:21:17:26,64.00,22.70,22.45,983.22,260.84,607.33
2022:4:10:21:17:28,64.00,22.70,22.46,983.22,260.81,589.09
2022:4:10:21:17:30,64.00,22.70,22.45,983.19,261.07,589.09
2022:4:10:21:17:32,64.00,22.70,22.45,983.20,260.97,589.09
2022:4:10:21:17:34,64.00,22.70,22.45,983.21,260.97,589.09
2022:4:10:21:17:36,64.00,22.70,22.44,983.21,260.94,589.09
2022:4:10:21:17:38,64.00,22.70,22.44,983.24,260.65,589.09
2022:4:10:21:17:40,64.00,22.70,22.42,983.19,261.06,571.21
2022:4:10:21:17:42,64.00,22.70,22.43,983.24,260.63,571.21
2022:4:10:21:17:44,64.00,22.70,22.43,983.23,260.69,571.21
2022:4:10:21:17:46,64.00,22.70,22.43,983.20,260.96,571.21
2022:4:10:21:17:48,64.00,22.70,22.43,983.24,260.63,571.21
2022:4:10:21:17:51,64.00,22.70,22.44,983.22,260.81,553.70
2022:4:10:21:17:53,64.00,22.70,22.44,983.20,260.97,553.70
2022:4:10:21:17:55,64.00,22.70,22.45,983.23,260.74,553.70
2022:4:10:21:17:57,64.00,22.70,22.46,983.25,260.60,553.70
2022:4:10:21:17:59,64.00,22.70,22.46,983.21,260.92,553.70
2022:4:10:21:18:1,64.00,22.70,22.47,983.24,260.68,536.53
2022:4:10:21:18:3,64.00,22.70,22.47,983.25,260.63,536.53
2022:4:10:21:18:5,64.00,22.70,22.44,983.22,260.85,536.53
2022:4:10:21:18:7,64.00,22.70,22.41,983.26,260.46,536.53
2022:4:10:21:18:9,64.00,22.70,22.41,983.25,260.51,536.53
2022:4:10:21:18:11,64.00,22.70,22.41,983.22,260.77,536.53
2022:4:10:21:18:13,64.00,22.70,22.42,983.25,260.56,536.53
2022:4:10:21:18:16,64.00,22.70,22.40,983.23,260.69,536.53
2022:4:10:21:18:18,64.00,22.70,22.41,983.23,260.75,536.53
2022:4:10:21:18:20,64.00,22.80,22.42,983.23,260.70,536.53
2022:4:10:21:18:22,64.00,22.70,22.42,983.23,260.74,536.53
2022:4:10:21:18:24,64.00,22.80,22.42,983.23,260.75,536.53
2022:4:10:21:18:26,64.00,22.70,22.42,983.28,260.29,536.53
2022:4:10:21:18:28,64.00,22.80,22.42,983.25,260.51,519.72
2022:4:10:21:18:30,64.00,22.70,22.43,983.26,260.45,519.72
2022:4:10:21:18:32,64.00,22.80,22.44,983.24,260.69,519.72
2022:4:10:21:18:34,64.00,22.80,22.44,983.22,260.86,519.72
2022:4:10:21:18:36,64.00,22.80,22.45,983.22,260.80,519.72
2022:4:10:21:18:38,64.00,22.80,22.45,983.25,260.55,519.72
2022:4:10:21:18:40,64.00,22.80,22.46,983.23,260.79,519.72
2022:4:10:21:18:43,64.00,22.80,22.45,983.21,260.95,519.72
2022:4:10:21:18:45,64.00,22.70,22.45,983.25,260.55,519.72
2022:4:10:21:18:47,64.00,22.80,22.44,983.24,260.69,519.72
2022:4:10:21:18:49,64.00,22.80,22.44,983.22,260.79,519.72
2022:4:10:21:18:51,64.00,22.80,22.42,983.30,260.08,503.25
2022:4:10:21:18:53,64.00,22.80,22.42,983.27,260.33,503.25
2022:4:10:21:18:55,64.00,22.70,22.42,983.24,260.60,503.25
2022:4:10:21:18:57,64.00,22.80,22.43,983.26,260.46,503.25
2022:4:10:21:18:59,64.00,22.80,22.43,983.29,260.18,503.25
2022:4:10:21:19:1,64.00,22.80,22.43,983.28,260.27,503.25
2022:4:10:21:19:3,64.00,22.70,22.44,983.26,260.45,503.25
2022:4:10:21:19:5,64.00,22.80,22.43,983.28,260.33,503.25
2022:4:10:21:19:8,64.00,22.80,22.42,983.30,260.12,503.25
2022:4:10:21:19:10,64.00,22.80,22.41,983.29,260.17,519.72
2022:4:10:21:19:12,64.00,22.80,22.38,983.29,260.11,503.25
2022:4:10:21:19:14,64.00,22.80,22.39,983.28,260.29,503.25
2022:4:10:21:19:16,64.00,22.80,22.38,983.28,260.20,503.25
2022:4:10:21:19:18,64.00,22.80,22.38,983.29,260.14,503.25
2022:4:10:21:19:20,64.00,22.80,22.38,983.28,260.25,503.25
2022:4:10:21:19:22,64.00,22.80,22.38,983.30,260.08,503.25
2022:4:10:21:19:24,64.00,22.80,22.38,983.26,260.41,503.25
2022:4:10:21:19:26,64.00,22.80,22.38,983.28,260.23,503.25
2022:4:10:21:19:28,64.00,22.80,22.37,983.28,260.25,503.25
2022:4:10:21:19:30,64.00,22.80,22.36,983.29,260.14,503.25
2022:4:10:21:19:32,64.00,22.80,22.35,983.29,260.08,503.25
2022:4:10:21:19:35,64.00,22.80,22.36,983.31,259.98,503.25
2022:4:10:21:19:37,64.00,22.80,22.35,983.30,260.02,503.25
2022:4:10:21:19:39,64.00,22.80,22.35,983.31,259.97,503.25
2022:4:10:21:19:41,64.00,22.80,22.35,983.30,260.04,487.13
2022:4:10:21:19:43,64.00,22.80,22.36,983.31,259.97,487.13
2022:4:10:21:19:45,64.00,22.80,22.36,983.30,260.06,487.13
2022:4:10:21:19:47,64.00,22.80,22.36,983.29,260.10,487.13
2022:4:10:21:19:49,64.00,22.80,22.37,983.32,259.90,487.13
2022:4:10:21:19:51,64.00,22.80,22.37,983.30,260.10,487.13
2022:4:10:21:19:53,64.00,22.80,22.38,983.33,259.83,487.13
2022:4:10:21:19:55,64.00,22.80,22.38,983.32,259.92,487.13
2022:4:10:21:19:57,64.00,22.80,22.39,983.33,259.81,487.13
2022:4:10:21:19:59,64.00,22.80,22.39,983.32,259.91,487.13
2022:4:10:21:20:2,64.00,22.80,22.39,983.31,260.02,487.13
2022:4:10:21:20:4,64.00,22.80,22.40,983.32,259.88,487.13
2022:4:10:21:20:6,64.00,22.80,22.40,983.32,259.93,487.13
2022:4:10:21:20:8,64.00,22.80,22.40,983.33,259.80,487.13
2022:4:10:21:20:10,64.00,22.80,22.40,983.29,260.20,487.13
2022:4:10:21:20:12,64.00,22.80,22.40,983.29,260.21,487.13
2022:4:10:21:20:14,64.00,22.80,22.41,983.28,260.23,487.13
2022:4:10:21:20:16,64.00,22.80,22.41,983.28,260.26,487.13
2022:4:10:21:20:18,64.00,22.80,22.41,983.29,260.20,487.13
2022:4:10:21:20:20,64.00,22.80,22.41,983.31,260.03,487.13
2022:4:10:21:20:22,64.00,22.80,22.40,983.29,260.14,487.13
2022:4:10:21:20:24,64.00,22.80,22.41,983.29,260.14,487.13
2022:4:10:21:20:27,64.00,22.80,22.41,983.30,260.07,487.13
2022:4:10:21:20:29,64.00,22.80,22.41,983.31,260.02,471.34
2022:4:10:21:20:31,64.00,22.80,22.41,983.27,260.40,487.13
2022:4:10:21:20:33,64.00,22.80,22.42,983.28,260.26,487.13
2022:4:10:21:20:35,64.00,22.80,22.42,983.27,260.41,471.34
2022:4:10:21:20:37,64.00,22.80,22.42,983.30,260.14,487.13
2022:4:10:21:20:39,64.00,22.80,22.43,983.31,260.04,487.13
2022:4:10:21:20:41,64.00,22.80,22.44,983.28,260.32,471.34
2022:4:10:21:20:43,64.00,22.80,22.44,983.27,260.37,471.34
2022:4:10:21:20:45,64.00,22.80,22.44,983.26,260.46,471.34
2022:4:10:21:20:47,64.00,22.80,22.45,983.28,260.33,471.34
2022:4:10:21:20:49,64.00,22.80,22.45,983.29,260.24,471.34
2022:4:10:21:20:51,64.00,22.80,22.45,983.27,260.36,471.34
2022:4:10:21:20:54,64.00,22.80,22.45,983.29,260.24,471.34
2022:4:10:21:20:56,64.00,22.80,22.46,983.29,260.24,471.34
2022:4:10:21:20:58,64.00,22.80,22.46,983.25,260.60,471.34
2022:4:10:21:21:0,64.00,22.80,22.46,983.25,260.56,471.34
2022:4:10:21:21:2,64.00,22.80,22.45,983.27,260.43,471.34
2022:4:10:21:21:4,64.00,22.80,22.45,983.25,260.54,471.34
2022:4:10:21:21:6,64.00,22.80,22.45,983.24,260.64,471.34
2022:4:10:21:21:8,64.00,22.80,22.45,983.25,260.57,471.34
2022:4:10:21:21:10,64.00,22.80,22.45,983.26,260.52,471.34
2022:4:10:21:21:12,64.00,22.80,22.45,983.28,260.32,471.34
2022:4:10:21:21:14,64.00,22.80,22.46,983.28,260.30,471.34
2022:4:10:21:21:16,64.00,22.80,22.46,983.27,260.36,471.34
2022:4:10:21:21:19,64.00,22.80,22.46,983.26,260.46,471.34
2022:4:10:21:21:21,64.00,22.80,22.46,983.22,260.82,471.34
2022:4:10:21:21:23,64.00,22.80,22.46,983.23,260.74,471.34
2022:4:10:21:21:25,64.00,22.80,22.46,983.25,260.54,471.34
2022:4:10:21:21:27,64.00,22.80,22.46,983.26,260.46,471.34
2022:4:10:21:21:29,64.00,22.80,22.47,983.24,260.66,471.34
2022:4:10:21:21:31,64.00,22.80,22.47,983.22,260.89,471.34
2022:4:10:21:21:33,64.00,22.80,22.48,983.24,260.64,471.34
2022:4:10:21:21:35,64.00,22.80,22.48,983.25,260.63,471.34
2022:4:10:21:21:37,64.00,22.80,22.48,983.26,260.55,471.34
2022:4:10:21:21:39,64.00,22.80,22.48,983.24,260.70,471.34
2022:4:10:21:21:42,64.00,22.80,22.49,983.23,260.75,471.34
2022:4:10:21:21:44,64.00,22.80,22.48,983.17,261.32,471.34
2022:4:10:21:21:46,64.00,22.80,22.49,983.23,260.80,455.90
2022:4:10:21:21:48,64.00,22.80,22.49,983.24,260.66,471.34
2022:4:10:21:21:50,64.00,22.80,22.49,983.22,260.86,455.90
2022:4:10:21:21:52,64.00,22.80,22.49,983.23,260.78,455.90
2022:4:10:21:21:54,64.00,22.80,22.49,983.22,260.86,471.34
2022:4:10:21:21:56,64.00,22.80,22.49,983.28,260.33,455.90
2022:4:10:21:21:58,64.00,22.80,22.48,983.24,260.73,471.34
2022:4:10:21:22:0,64.00,22.80,22.49,983.23,260.75,455.90
2022:4:10:21:22:2,64.00,22.80,22.50,983.24,260.74,471.34
2022:4:10:21:22:4,64.00,22.80,22.50,983.23,260.83,471.34
2022:4:10:21:22:7,64.00,22.80,22.50,983.25,260.64,455.90
2022:4:10:21:22:9,64.00,22.80,22.50,983.23,260.77,455.90
2022:4:10:21:22:11,64.00,22.80,22.51,983.27,260.48,455.90
2022:4:10:21:22:13,64.00,22.80,22.50,983.22,260.86,471.34
2022:4:10:21:22:15,64.00,22.80,22.51,983.26,260.53,455.90
2022:4:10:21:22:17,64.00,22.80,22.51,983.26,260.58,455.90
2022:4:10:21:22:19,64.00,22.80,22.52,983.24,260.68,471.34
2022:4:10:21:22:21,64.00,22.80,22.52,983.26,260.55,471.34
2022:4:10:21:22:23,64.00,22.80,22.52,983.24,260.75,471.34
2022:4:10:21:22:25,64.00,22.80,22.52,983.23,260.85,455.90
2022:4:10:21:22:27,64.00,22.80,22.52,983.24,260.69,455.90
2022:4:10:21:22:29,64.00,22.80,22.52,983.21,260.95,455.90
2022:4:10:21:22:31,64.00,22.80,22.54,983.25,260.65,455.90
2022:4:10:21:22:34,64.00,22.80,22.54,983.22,260.88,471.34
2022:4:10:21:22:36,64.00,22.80,22.54,983.26,260.58,455.90
2022:4:10:21:22:38,64.00,22.80,22.54,983.24,260.72,455.90
2022:4:10:21:22:40,64.00,22.80,22.54,983.23,260.79,455.90
2022:4:10:21:22:42,64.00,22.80,22.54,983.22,260.87,455.90
2022:4:10:21:22:44,64.00,22.80,22.54,983.25,260.63,455.90
2022:4:10:21:22:46,64.00,22.80,22.54,983.22,260.93,455.90
2022:4:10:21:22:48,64.00,22.80,22.54,983.26,260.56,455.90
2022:4:10:21:22:50,64.00,22.80,22.54,983.28,260.37,455.90
2022:4:10:21:22:52,64.00,22.80,22.54,983.23,260.82,455.90
2022:4:10:21:22:54,64.00,22.80,22.54,983.25,260.66,455.90
2022:4:10:21:22:56,64.00,22.80,22.53,983.25,260.67,455.90
2022:4:10:21:22:59,64.00,22.80,22.54,983.25,260.61,455.90
2022:4:10:21:23:1,64.00,22.80,22.52,983.24,260.74,455.90
2022:4:10:21:23:3,64.00,22.80,22.52,983.23,260.83,455.90
2022:4:10:21:23:5,64.00,22.80,22.53,983.28,260.42,455.90
2022:4:10:21:23:7,64.00,22.90,22.52,983.24,260.69,455.90
2022:4:10:21:23:9,64.00,22.80,22.52,983.25,260.66,455.90
2022:4:10:21:23:11,64.00,22.80,22.52,983.24,260.74,455.90
2022:4:10:21:23:13,64.00,22.80,22.52,983.23,260.78,455.90
2022:4:10:21:23:15,64.00,22.80,22.52,983.24,260.71,455.90
2022:4:10:21:23:17,64.00,22.80,22.51,983.22,260.86,455.90
2022:4:10:21:23:19,64.00,22.80,22.52,983.24,260.75,455.90
2022:4:10:21:23:21,64.00,22.80,22.52,983.26,260.58,455.90
2022:4:10:21:23:23,64.00,22.80,22.52,983.22,260.91,455.90
2022:4:10:21:23:26,64.00,22.80,22.52,983.25,260.62,455.90
2022:4:10:21:23:28,64.00,22.80,22.51,983.24,260.70,455.90
2022:4:10:21:23:30,64.00,22.80,22.52,983.24,260.69,455.90
2022:4:10:21:23:32,64.00,22.80,22.52,983.24,260.74,455.90
2022:4:10:21:23:34,64.00,22.80,22.52,983.26,260.52,455.90
2022:4:10:21:23:36,64.00,22.80,22.52,983.22,260.93,455.90
2022:4:10:21:23:38,64.00,22.80,22.52,983.22,260.87,455.90
2022:4:10:21:23:40,64.00,22.80,22.53,983.25,260.62,455.90
2022:4:10:21:23:42,64.00,22.80,22.53,983.24,260.77,455.90
2022:4:10:21:23:44,64.00,22.80,22.52,983.25,260.65,455.90
2022:4:10:21:23:46,64.00,22.80,22.52,983.26,260.50,455.90
2022:4:10:21:23:48,64.00,22.80,22.52,983.25,260.59,455.90
2022:4:10:21:23:51,64.00,22.80,22.51,983.24,260.68,455.90
2022:4:10:21:23:53,64.00,22.80,22.51,983.24,260.68,455.90
2022:4:10:21:23:55,64.00,22.80,22.50,983.26,260.55,455.90
2022:4:10:21:23:57,64.00,22.80,22.50,983.24,260.67,455.90
2022:4:10:21:23:59,64.00,22.80,22.50,983.26,260.53,455.90
2022:4:10:21:24:1,64.00,22.80,22.49,983.24,260.68,455.90
2022:4:10:21:24:3,64.00,22.80,22.50,983.25,260.66,455.90
2022:4:10:21:24:5,64.00,22.80,22.51,983.24,260.70,455.90
2022:4:10:21:24:7,64.00,22.80,22.51,983.28,260.33,455.90
2022:4:10:21:24:9,64.00,22.80,22.51,983.26,260.57,455.90
2022:4:10:21:24:11,64.00,22.80,22.52,983.26,260.50,455.90
2022:4:10:21:24:13,64.00,22.80,22.52,983.27,260.46,455.90
2022:4:10:21:24:16,64.00,22.80,22.52,983.27,260.46,455.90
2022:4:10:21:24:18,64.00,22.90,22.52,983.23,260.77,455.90
2022:4:10:21:24:20,64.00,22.80,22.52,983.25,260.62,455.90
2022:4:10:21:24:22,64.00,22.90,22.51,983.26,260.56,455.90
2022:4:10:21:24:24,64.00,22.80,22.52,983.27,260.47,455.90
2022:4:10:21:24:26,64.00,22.80,22.51,983.22,260.93,455.90
2022:4:10:21:24:28,64.00,22.80,22.51,983.26,260.54,455.90
2022:4:10:21:24:30,64.00,22.80,22.52,983.25,260.63,455.90
2022:4:10:21:24:32,64.00,22.90,22.51,983.24,260.75,455.90
2022:4:10:21:24:34,64.00,22.80,22.52,983.24,260.76,455.90
2022:4:10:21:24:36,64.00,22.90,22.52,983.26,260.54,455.90
2022:4:10:21:24:38,64.00,22.90,22.52,983.27,260.45,455.90
2022:4:10:21:24:40,64.00,22.90,22.53,983.27,260.43,455.90
2022:4:10:21:24:43,64.00,22.90,22.52,983.24,260.69,455.90
2022:4:10:21:24:45,64.00,22.80,22.53,983.27,260.50,455.90
2022:4:10:21:24:47,64.00,22.80,22.53,983.20,261.07,455.90
2022:4:10:21:24:49,64.00,22.80,22.54,983.25,260.62,455.90
2022:4:10:21:24:51,64.00,22.80,22.55,983.24,260.76,455.90
2022:4:10:21:24:53,64.00,22.80,22.55,983.25,260.64,455.90
2022:4:10:21:24:55,64.00,22.80,22.56,983.26,260.55,455.90
2022:4:10:21:24:57,64.00,22.90,22.57,983.27,260.48,455.90
2022:4:10:21:24:59,64.00,22.80,22.58,983.26,260.62,455.90
2022:4:10:21:25:1,64.00,22.80,22.58,983.26,260.56,455.90
2022:4:10:21:25:3,64.00,22.80,22.59,983.25,260.69,455.90
2022:4:10:21:25:5,64.00,22.80,22.59,983.26,260.62,455.90
2022:4:10:21:25:8,64.00,22.90,22.58,983.24,260.81,455.90
2022:4:10:21:25:10,64.00,22.80,22.58,983.23,260.90,455.90
2022:4:10:21:25:12,64.00,22.80,22.59,983.25,260.73,455.90
2022:4:10:21:25:14,64.00,22.80,22.59,983.25,260.71,455.90
2022:4:10:21:25:16,64.00,22.80,22.60,983.25,260.74,455.90
2022:4:10:21:25:18,64.00,22.80,22.59,983.24,260.77,455.90
2022:4:10:21:25:20,64.00,22.90,22.59,983.21,261.07,455.90
2022:4:10:21:25:22,64.00,22.80,22.59,983.22,260.94,455.90
2022:4:10:21:25:24,64.00,22.80,22.59,983.21,261.05,455.90
2022:4:10:21:25:26,64.00,22.90,22.59,983.22,260.95,455.90
2022:4:10:21:25:28,64.00,22.80,22.58,983.22,260.96,455.90
2022:4:10:21:25:30,64.00,22.80,22.60,983.26,260.61,455.90
2022:4:10:21:25:33,64.00,22.80,22.59,983.23,260.88,455.90
2022:4:10:21:25:35,64.00,22.90,22.59,983.23,260.84,455.90
2022:4:10:21:25:37,64.00,22.90,22.60,983.26,260.59,455.90
2022:4:10:21:25:39,64.00,22.80,22.60,983.22,260.93,455.90
2022:4:10:21:25:41,64.00,22.80,22.61,983.23,260.88,455.90
2022:4:10:21:25:43,64.00,22.90,22.61,983.24,260.81,455.90
2022:4:10:21:25:45,64.00,22.80,22.61,983.25,260.75,455.90
2022:4:10:21:25:47,64.00,22.90,22.62,983.21,261.10,455.90
2022:4:10:21:25:49,64.00,22.80,22.61,983.21,261.10,455.90
2022:4:10:21:25:51,64.00,22.90,22.62,983.22,260.96,455.90
2022:4:10:21:25:53,64.00,22.80,22.61,983.22,260.97,455.90
2022:4:10:21:25:55,64.00,22.80,22.62,983.24,260.78,455.90
2022:4:10:21:25:57,64.00,22.80,22.62,983.26,260.67,455.90
2022:4:10:21:26:0,64.00,22.80,22.63,983.23,260.95,455.90
2022:4:10:21:26:2,64.00,22.80,22.63,983.21,261.06,455.90
2022:4:10:21:26:4,64.00,22.90,22.63,983.22,260.96,455.90
2022:4:10:21:26:6,64.00,22.90,22.64,983.26,260.68,455.90
2022:4:10:21:26:8,64.00,22.90,22.63,983.25,260.76,455.90
2022:4:10:21:26:10,64.00,22.90,22.64,983.24,260.83,455.90
2022:4:10:21:26:12,64.00,22.90,22.64,983.22,260.97,455.90
2022:4:10:21:26:14,64.00,22.90,22.65,983.25,260.74,455.90
2022:4:10:21:26:16,64.00,22.90,22.65,983.24,260.87,455.90
2022:4:10:21:26:18,64.00,22.90,22.66,983.24,260.88,455.90
2022:4:10:21:26:20,64.00,22.90,22.66,983.23,260.95,455.90
2022:4:10:21:26:22,64.00,22.90,22.67,983.27,260.62,455.90
2022:4:10:21:26:25,64.00,22.90,22.68,983.28,260.47,455.90
2022:4:10:21:26:27,64.00,22.90,22.68,983.26,260.66,455.90
2022:4:10:21:26:29,64.00,22.90,22.69,983.23,260.93,455.90
2022:4:10:21:26:31,64.00,22.90,22.69,983.25,260.76,455.90
2022:4:10:21:26:33,64.00,22.90,22.69,983.23,260.95,455.90
2022:4:10:21:26:35,64.00,22.90,22.69,983.24,260.86,455.90
2022:4:10:21:26:37,64.00,22.90,22.67,983.27,260.58,455.90
2022:4:10:21:26:39,64.00,22.90,22.67,983.26,260.64,455.90
2022:4:10:21:26:41,64.00,22.90,22.67,983.25,260.79,455.90
2022:4:10:21:26:43,64.00,22.90,22.67,983.27,260.59,455.90
2022:4:10:21:26:45,64.00,22.90,22.67,983.26,260.72,455.90
2022:4:10:21:26:47,64.00,22.90,22.67,983.27,260.58,455.90
2022:4:10:21:26:50,64.00,22.90,22.67,983.26,260.72,455.90
2022:4:10:21:26:52,64.00,22.90,22.67,983.27,260.57,455.90
2022:4:10:21:26:54,64.00,22.90,22.68,983.26,260.65,455.90
2022:4:10:21:26:56,64.00,22.90,22.68,983.27,260.62,455.90
2022:4:10:21:26:58,64.00,22.90,22.69,983.27,260.57,455.90
2022:4:10:21:27:0,64.00,22.90,22.69,983.25,260.76,455.90
2022:4:10:21:27:2,64.00,22.90,22.70,983.28,260.53,455.90
2022:4:10:21:27:4,64.00,22.90,22.70,983.28,260.51,455.90
2022:4:10:21:27:6,64.00,22.90,22.70,983.32,260.21,455.90
2022:4:10:21:27:8,64.00,22.90,22.70,983.28,260.51,455.90
2022:4:10:21:27:10,64.00,22.90,22.69,983.28,260.55,455.90
2022:4:10:21:27:12,64.00,22.90,22.70,983.31,260.26,455.90
2022:4:10:21:27:14,64.00,22.90,22.70,983.29,260.41,455.90
2022:4:10:21:27:17,64.00,22.90,22.69,983.27,260.62,455.90
2022:4:10:21:27:19,64.00,22.90,22.69,983.29,260.39,455.90
2022:4:10:21:27:21,64.00,22.90,22.68,983.29,260.40,455.90
2022:4:10:21:27:23,64.00,22.90,22.67,983.27,260.57,455.90
2022:4:10:21:27:25,64.00,22.90,22.68,983.29,260.44,455.90
2022:4:10:21:27:27,64.00,22.90,22.67,983.31,260.20,455.90
2022:4:10:21:27:29,64.00,22.90,22.68,983.32,260.18,455.90
2022:4:10:21:27:31,64.00,22.90,22.67,983.29,260.41,455.90
2022:4:10:21:27:33,64.00,22.90,22.67,983.28,260.47,455.90
2022:4:10:21:27:35,64.00,22.90,22.66,983.30,260.29,455.90
2022:4:10:21:27:37,64.00,22.90,22.66,983.31,260.24,455.90
2022:4:10:21:27:39,64.00,22.90,22.63,983.26,260.62,455.90
2022:4:10:21:27:42,64.00,22.90,22.62,983.30,260.29,455.90
2022:4:10:21:27:44,64.00,22.90,22.60,983.31,260.14,455.90
2022:4:10:21:27:46,64.00,22.90,22.60,983.30,260.29,471.34
2022:4:10:21:27:48,64.00,22.90,22.59,983.28,260.43,455.90
2022:4:10:21:27:50,64.00,22.90,22.59,983.29,260.37,455.90
2022:4:10:21:27:52,64.00,22.90,22.57,983.31,260.15,455.90
2022:4:10:21:27:54,64.00,22.90,22.56,983.31,260.17,455.90
2022:4:10:21:27:56,64.00,22.90,22.57,983.30,260.19,455.90
2022:4:10:21:27:58,64.00,22.90,22.57,983.30,260.27,455.90
2022:4:10:21:28:0,64.00,22.90,22.57,983.30,260.27,455.90
2022:4:10:21:28:2,64.00,22.90,22.57,983.28,260.42,455.90
2022:4:10:21:28:4,64.00,22.90,22.57,983.31,260.11,455.90
2022:4:10:21:28:7,63.00,22.90,22.55,983.30,260.19,455.90
2022:4:10:21:28:9,63.00,22.90,22.56,983.34,259.90,455.90
2022:4:10:21:28:11,63.00,22.90,22.55,983.29,260.29,455.90
2022:4:10:21:28:13,63.00,22.90,22.55,983.31,260.15,455.90
2022:4:10:21:28:15,63.00,22.90,22.52,983.31,260.09,455.90
2022:4:10:21:28:17,63.00,22.90,22.51,983.27,260.40,455.90
2022:4:10:21:28:19,63.00,22.90,22.51,983.30,260.20,455.90
2022:4:10:21:28:21,63.00,22.90,22.51,983.33,259.94,455.90
2022:4:10:21:28:23,63.00,22.90,22.50,983.28,260.39,455.90
2022:4:10:21:28:25,63.00,22.90,22.50,983.31,260.11,455.90
2022:4:10:21:28:27,63.00,22.90,22.49,983.32,259.96,455.90
2022:4:10:21:28:29,63.00,22.90,22.49,983.32,260.02,455.90
2022:4:10:21:28:31,63.00,22.90,22.48,983.30,260.18,455.90
2022:4:10:21:28:34,63.00,22.90,22.48,983.31,260.10,455.90
2022:4:10:21:28:36,63.00,22.90,22.47,983.31,260.03,455.90
2022:4:10:21:28:38,63.00,22.90,22.47,983.33,259.84,455.90
2022:4:10:21:28:40,63.00,22.90,22.48,983.31,260.08,455.90
2022:4:10:21:28:42,63.00,22.90,22.47,983.30,260.11,455.90
2022:4:10:21:28:44,63.00,22.90,22.47,983.33,259.90,455.90
2022:4:10:21:28:46,63.00,22.90,22.45,983.35,259.68,455.90
2022:4:10:21:28:48,63.00,22.90,22.44,983.31,260.02,455.90
2022:4:10:21:28:50,63.00,22.90,22.44,983.32,259.96,455.90
2022:4:10:21:28:52,63.00,22.90,22.43,983.34,259.79,455.90
2022:4:10:21:28:54,63.00,22.90,22.42,983.35,259.64,455.90
2022:4:10:21:28:56,63.00,22.90,22.42,983.32,259.96,455.90
2022:4:10:21:28:59,63.00,22.90,22.42,983.31,259.99,455.90
2022:4:10:21:29:1,63.00,22.90,22.42,983.30,260.06,455.90
2022:4:10:21:29:3,63.00,22.90,22.44,983.35,259.66,455.90
2022:4:10:21:29:5,63.00,22.90,22.44,983.30,260.13,455.90
2022:4:10:21:29:7,63.00,22.90,22.43,983.31,260.00,455.90
2022:4:10:21:29:9,63.00,22.90,22.44,983.33,259.85,455.90
2022:4:10:21:29:11,63.00,22.90,22.45,983.33,259.90,455.90
2022:4:10:21:29:13,64.00,22.90,22.45,983.32,259.99,455.90
2022:4:10:21:29:15,64.00,22.90,22.46,983.33,259.89,455.90
2022:4:10:21:29:17,64.00,22.90,22.45,983.33,259.90,455.90
2022:4:10:21:29:19,64.00,22.90,22.46,983.35,259.73,455.90
2022:4:10:21:29:21,64.00,22.90,22.46,983.33,259.84,455.90
2022:4:10:21:29:24,64.00,22.90,22.45,983.34,259.78,455.90
2022:4:10:21:29:26,64.00,22.90,22.46,983.34,259.82,455.90
2022:4:10:21:29:28,64.00,22.90,22.45,983.34,259.75,455.90
2022:4:10:21:29:30,64.00,22.90,22.45,983.34,259.78,455.90
2022:4:10:21:29:32,64.00,22.90,22.46,983.30,260.12,455.90
2022:4:10:21:29:34,64.00,22.90,22.46,983.32,259.96,455.90
2022:4:10:21:29:36,64.00,22.90,22.47,983.32,259.98,455.90
2022:4:10:21:29:38,64.00,22.90,22.47,983.33,259.84,455.90
2022:4:10:21:29:40,64.00,22.90,22.49,983.35,259.76,455.90
2022:4:10:21:29:42,64.00,22.90,22.49,983.33,259.90,455.90
2022:4:10:21:29:44,64.00,22.90,22.50,983.31,260.10,455.90
2022:4:10:21:29:46,64.00,22.90,22.50,983.34,259.84,455.90
2022:4:10:21:29:48,64.00,22.90,22.50,983.31,260.09,455.90
2022:4:10:21:29:51,64.00,22.90,22.51,983.29,260.26,455.90
2022:4:10:21:29:53,64.00,22.90,22.52,983.33,259.92,455.90
2022:4:10:21:29:55,64.00,22.90,22.52,983.29,260.28,455.90
2022:4:10:21:29:57,64.00,22.90,22.53,983.34,259.82,455.90
2022:4:10:21:29:59,64.00,22.90,22.53,983.31,260.13,455.90
2022:4:10:21:30:1,64.00,22.90,22.54,983.30,260.22,455.90
2022:4:10:21:30:3,64.00,22.90,22.54,983.32,260.00,455.90
2022:4:10:21:30:5,64.00,22.90,22.55,983.33,259.98,455.90
2022:4:10:21:30:7,64.00,22.90,22.55,983.32,260.04,455.90
2022:4:10:21:30:9,64.00,22.90,22.55,983.32,260.01,455.90
2022:4:10:21:30:11,64.00,22.90,22.57,983.32,260.03,455.90
2022:4:10:21:30:13,64.00,22.90,22.57,983.32,260.06,455.90
2022:4:10:21:30:16,64.00,22.90,22.57,983.35,259.78,455.90
2022:4:10:21:30:18,64.00,22.90,22.58,983.32,260.05,455.90
2022:4:10:21:30:20,64.00,22.90,22.58,983.33,259.99,455.90
2022:4:10:21:30:22,64.00,22.90,22.58,983.32,260.04,455.90
2022:4:10:21:30:24,64.00,22.90,22.59,983.34,259.92,455.90
2022:4:10:21:30:26,64.00,22.90,22.59,983.32,260.07,455.90
2022:4:10:21:30:28,64.00,22.90,22.60,983.32,260.12,455.90
2022:4:10:21:30:30,64.00,22.90,22.61,983.32,260.10,455.90
2022:4:10:21:30:32,64.00,22.90,22.60,983.34,259.94,455.90
2022:4:10:21:30:34,64.00,22.90,22.61,983.33,260.03,455.90
2022:4:10:21:30:36,64.00,22.90,22.61,983.32,260.05,455.90
2022:4:10:21:30:38,64.00,22.90,22.62,983.33,259.98,455.90
2022:4:10:21:30:41,64.00,22.90,22.63,983.32,260.07,455.90
2022:4:10:21:30:43,64.00,22.90,22.63,983.35,259.86,455.90
2022:4:10:21:30:45,64.00,22.90,22.63,983.33,260.05,455.90
2022:4:10:21:30:47,64.00,22.90,22.64,983.32,260.15,455.90
2022:4:10:21:30:49,64.00,22.90,22.63,983.32,260.08,455.90
2022:4:10:21:30:51,64.00,22.90,22.63,983.33,260.06,455.90
2022:4:10:21:30:53,64.00,22.90,22.64,983.33,260.00,455.90
2022:4:10:21:30:55,64.00,22.90,22.64,983.34,259.93,455.90
2022:4:10:21:30:57,64.00,22.90,22.64,983.31,260.17,455.90
2022:4:10:21:30:59,64.00,22.90,22.65,983.31,260.25,455.90
2022:4:10:21:31:1,64.00,22.90,22.65,983.34,260.00,455.90
2022:4:10:21:31:3,64.00,22.90,22.66,983.33,260.07,455.90
2022:4:10:21:31:5,64.00,22.90,22.67,983.34,259.98,455.90
2022:4:10:21:31:8,64.00,22.90,22.69,983.31,260.22,455.90
2022:4:10:21:31:10,64.00,22.90,22.68,983.34,259.94,455.90
2022:4:10:21:31:12,64.00,22.90,22.69,983.34,259.98,455.90
2022:4:10:21:31:14,64.00,22.90,22.69,983.34,259.94,455.90
2022:4:10:21:31:16,64.00,22.90,22.70,983.34,259.96,455.90
2022:4:10:21:31:18,64.00,22.90,22.70,983.32,260.20,455.90
2022:4:10:21:31:20,64.00,22.90,22.70,983.37,259.76,455.90
2022:4:10:21:31:22,64.00,22.90,22.70,983.35,259.90,455.90
2022:4:10:21:31:24,64.00,22.90,22.70,983.32,260.14,455.90
2022:4:10:21:31:26,64.00,22.90,22.71,983.35,259.88,455.90
2022:4:10:21:31:28,64.00,22.90,22.71,983.34,259.98,455.90
2022:4:10:21:31:30,64.00,22.90,22.71,983.37,259.78,455.90
2022:4:10:21:31:33,64.00,22.90,22.72,983.35,259.90,455.90
2022:4:10:21:31:35,64.00,22.90,22.73,983.36,259.81,455.90
2022:4:10:21:31:37,64.00,22.90,22.73,983.33,260.09,455.90
2022:4:10:21:31:39,64.00,22.90,22.74,983.37,259.80,455.90
2022:4:10:21:31:41,64.00,22.90,22.75,983.36,259.90,455.90
2022:4:10:21:31:43,64.00,22.90,22.75,983.35,259.93,455.90
2022:4:10:21:31:45,64.00,23.00,22.75,983.36,259.88,471.34
2022:4:10:21:31:47,64.00,23.00,22.76,983.35,259.96,455.90
2022:4:10:21:31:49,64.00,23.00,22.76,983.38,259.67,471.34
2022:4:10:21:31:51,64.00,23.00,22.76,983.37,259.81,471.34
2022:4:10:21:31:53,64.00,23.00,22.76,983.39,259.61,455.90
2022:4:10:21:31:55,64.00,23.00,22.75,983.34,260.01,471.34
2022:4:10:21:31:58,64.00,23.00,22.75,983.34,260.05,471.34
2022:4:10:21:32:0,64.00,23.00,22.75,983.34,260.07,471.34
2022:4:10:21:32:2,64.00,23.00,22.76,983.35,259.98,471.34
2022:4:10:21:32:4,64.00,23.00,22.76,983.36,259.87,471.34
2022:4:10:21:32:6,64.00,23.00,22.76,983.37,259.79,471.34
2022:4:10:21:32:8,64.00,23.00,22.77,983.36,259.92,471.34
2022:4:10:21:32:10,64.00,22.90,22.78,983.36,259.93,471.34
2022:4:10:21:32:12,64.00,23.00,22.78,983.35,259.99,471.34
2022:4:10:21:32:14,64.00,23.00,22.79,983.33,260.15,471.34
2022:4:10:21:32:16,64.00,23.00,22.79,983.36,259.92,471.34
2022:4:10:21:32:18,64.00,23.00,22.80,983.33,260.19,471.34
2022:4:10:21:32:20,64.00,23.00,22.81,983.36,259.94,471.34
2022:4:10:21:32:22,64.00,23.00,22.81,983.35,259.97,471.34
2022:4:10:21:32:25,64.00,23.00,22.82,983.35,260.03,471.34
2022:4:10:21:32:27,64.00,23.00,22.82,983.33,260.16,471.34
2022:4:10:21:32:29,64.00,23.00,22.83,983.35,260.05,471.34
2022:4:10:21:32:31,64.00,23.00,22.83,983.32,260.26,471.34
2022:4:10:21:32:33,64.00,23.00,22.85,983.36,259.99,471.34
2022:4:10:21:32:35,64.00,23.00,22.85,983.33,260.19,471.34
2022:4:10:21:32:37,64.00,23.00,22.86,983.35,260.08,471.34
2022:4:10:21:32:39,64.00,23.00,22.87,983.34,260.13,471.34
2022:4:10:21:32:41,64.00,23.00,22.88,983.34,260.13,471.34
2022:4:10:21:32:43,64.00,23.00,22.89,983.34,260.19,471.34
2022:4:10:21:32:45,64.00,23.00,22.90,983.33,260.28,471.34
2022:4:10:21:32:47,64.00,23.00,22.91,983.35,260.08,471.34
2022:4:10:21:32:50,64.00,23.00,22.92,983.35,260.08,471.34
2022:4:10:21:32:52,64.00,23.00,22.93,983.33,260.25,471.34
2022:4:10:21:32:54,64.00,23.00,22.93,983.35,260.13,487.13
2022:4:10:21:32:56,64.00,23.10,22.94,983.35,260.08,471.34
2022:4:10:21:32:58,64.00,23.10,22.94,983.36,260.00,471.34
2022:4:10:21:33:0,64.00,23.10,22.95,983.36,260.05,471.34
2022:4:10:21:33:2,64.00,23.10,22.95,983.35,260.17,471.34
2022:4:10:21:33:4,64.00,23.00,22.96,983.38,259.86,471.34
2022:4:10:21:33:6,64.00,23.00,22.95,983.32,260.38,471.34
2022:4:10:21:33:8,64.00,23.10,22.94,983.34,260.19,471.34
2022:4:10:21:33:10,64.00,23.00,22.94,983.36,259.99,471.34
2022:4:10:21:33:12,64.00,23.10,22.93,983.33,260.29,471.34
2022:4:10:21:33:15,64.00,23.10,22.93,983.34,260.21,471.34
2022:4:10:21:33:17,64.00,23.10,22.93,983.33,260.32,471.34
2022:4:10:21:33:19,64.00,23.10,22.92,983.34,260.23,471.34
2022:4:10:21:33:21,64.00,23.00,22.91,983.35,260.05,471.34
2022:4:10:21:33:23,64.00,23.00,22.90,983.37,259.93,471.34
2022:4:10:21:33:25,64.00,23.00,22.90,983.35,260.08,471.34
2022:4:10:21:33:27,64.00,23.00,22.89,983.34,260.20,471.34
2022:4:10:21:33:29,64.00,23.10,22.89,983.35,260.10,471.34
2022:4:10:21:33:31,64.00,23.10,22.89,983.37,259.90,471.34
2022:4:10:21:33:33,64.00,23.10,22.89,983.37,259.89,471.34
2022:4:10:21:33:35,64.00,23.10,22.89,983.37,259.89,471.34
2022:4:10:21:33:37,64.00,23.10,22.89,983.36,259.95,471.34
2022:4:10:21:33:39,64.00,23.10,22.89,983.34,260.20,471.34
2022:4:10:21:33:42,64.00,23.10,22.89,983.32,260.31,471.34
2022:4:10:21:33:44,64.00,23.10,22.90,983.35,260.09,471.34
2022:4:10:21:33:46,64.00,23.10,22.89,983.35,260.05,455.90
2022:4:10:21:33:48,64.00,23.10,22.90,983.34,260.14,455.90
2022:4:10:21:33:50,64.00,23.10,22.90,983.37,259.88,455.90
2022:4:10:21:33:52,64.00,23.10,22.90,983.37,259.89,471.34
2022:4:10:21:33:54,64.00,23.10,22.89,983.39,259.68,455.90
2022:4:10:21:33:56,64.00,23.10,22.90,983.35,260.07,471.34
2022:4:10:21:33:58,64.00,23.00,22.90,983.36,259.97,471.34
2022:4:10:21:34:0,64.00,23.00,22.89,983.36,260.00,471.34
2022:4:10:21:34:2,64.00,23.10,22.88,983.34,260.15,455.90
2022:4:10:21:34:4,63.00,23.10,22.89,983.37,259.86,455.90
2022:4:10:21:34:7,63.00,23.10,22.88,983.36,259.94,455.90
2022:4:10:21:34:9,63.00,23.00,22.88,983.36,259.98,455.90
2022:4:10:21:34:11,63.00,23.10,22.88,983.38,259.79,455.90
2022:4:10:21:34:13,63.00,23.10,22.88,983.37,259.86,455.90
2022:4:10:21:34:15,63.00,23.10,22.88,983.37,259.85,455.90
2022:4:10:21:34:17,63.00,23.10,22.88,983.36,259.93,455.90
2022:4:10:21:34:19,63.00,23.10,22.87,983.37,259.85,455.90
2022:4:10:21:34:21,63.00,23.00,22.88,983.39,259.67,455.90
2022:4:10:21:34:23,63.00,23.00,22.88,983.37,259.87,455.90
2022:4:10:21:34:25,63.00,23.00,22.87,983.36,259.95,455.90
2022:4:10:21:34:27,63.00,23.00,22.87,983.37,259.87,455.90
2022:4:10:21:34:29,63.00,23.00,22.88,983.37,259.84,455.90
2022:4:10:21:34:32,63.00,23.10,22.87,983.39,259.71,455.90
2022:4:10:21:34:34,63.00,23.00,22.87,983.35,260.05,455.90
2022:4:10:21:34:36,63.00,23.00,22.86,983.37,259.89,471.34
2022:4:10:21:34:38,63.00,23.10,22.86,983.42,259.45,455.90
2022:4:10:21:34:40,63.00,23.00,22.83,983.36,259.94,455.90
2022:4:10:21:34:42,63.00,23.00,22.81,983.39,259.63,455.90
2022:4:10:21:34:44,63.00,23.00,22.80,983.38,259.70,455.90
2022:4:10:21:34:46,63.00,23.00,22.79,983.38,259.73,455.90
2022:4:10:21:34:48,63.00,23.00,22.78,983.38,259.75,455.90
2022:4:10:21:34:50,63.00,23.00,22.77,983.38,259.75,455.90
2022:4:10:21:34:52,63.00,23.10,22.77,983.38,259.69,455.90
2022:4:10:21:34:54,63.00,23.10,22.75,983.37,259.75,455.90
2022:4:10:21:34:56,63.00,23.00,22.74,983.37,259.78,455.90
2022:4:10:21:34:59,63.00,23.00,22.73,983.37,259.72,455.90
2022:4:10:21:35:1,63.00,23.00,22.74,983.41,259.42,455.90
2022:4:10:21:35:3,63.00,23.00,22.73,983.37,259.73,455.90
2022:4:10:21:35:5,63.00,23.00,22.73,983.38,259.69,455.90
2022:4:10:21:35:7,63.00,23.00,22.73,983.36,259.88,455.90
2022:4:10:21:35:9,63.00,23.00,22.75,983.38,259.71,455.90
2022:4:10:21:35:11,63.00,23.10,22.75,983.39,259.58,455.90
2022:4:10:21:35:13,63.00,23.00,22.75,983.38,259.65,455.90
2022:4:10:21:35:15,63.00,23.00,22.76,983.38,259.69,455.90
2022:4:10:21:35:17,63.00,23.00,22.77,983.39,259.65,455.90
2022:4:10:21:35:19,63.00,23.00,22.77,983.37,259.81,455.90
2022:4:10:21:35:21,63.00,23.00,22.77,983.39,259.59,455.90
2022:4:10:21:35:24,63.00,23.00,22.78,983.42,259.33,455.90
2022:4:10:21:35:26,63.00,23.00,22.79,983.38,259.75,455.90
2022:4:10:21:35:28,63.00,23.00,22.79,983.39,259.62,455.90
2022:4:10:21:35:30,63.00,23.00,22.81,983.43,259.32,455.90
2022:4:10:21:35:32,63.00,23.00,22.81,983.42,259.38,455.90
2022:4:10:21:35:34,63.00,23.00,22.82,983.41,259.47,455.90
2022:4:10:21:35:36,63.00,23.00,22.82,983.40,259.54,455.90
2022:4:10:21:35:38,63.00,23.00,22.82,983.39,259.66,455.90
2022:4:10:21:35:40,63.00,23.00,22.82,983.41,259.51,455.90
2022:4:10:21:35:42,63.00,23.00,22.82,983.39,259.62,455.90
2022:4:10:21:35:44,63.00,23.00,22.82,983.39,259.67,455.90
2022:4:10:21:35:46,63.00,23.00,22.83,983.41,259.52,455.90
2022:4:10:21:35:49,63.00,23.00,22.82,983.39,259.67,455.90
2022:4:10:21:35:51,63.00,23.00,22.82,983.40,259.56,455.90
2022:4:10:21:35:53,63.00,23.10,22.83,983.40,259.61,455.90
2022:4:10:21:35:55,63.00,23.00,22.83,983.40,259.58,455.90
2022:4:10:21:35:57,63.00,23.00,22.83,983.38,259.71,455.90
2022:4:10:21:35:59,63.00,23.00,22.84,983.41,259.46,455.90
2022:4:10:21:36:1,63.00,23.00,22.84,983.37,259.88,455.90
2022:4:10:21:36:3,63.00,23.00,22.85,983.40,259.56,471.34
2022:4:10:21:36:5,63.00,23.00,22.85,983.42,259.39,455.90
2022:4:10:21:36:7,63.00,23.00,22.85,983.41,259.55,455.90
2022:4:10:21:36:9,63.00,23.00,22.86,983.41,259.48,455.90
2022:4:10:21:36:11,63.00,23.00,22.86,983.43,259.34,471.34
2022:4:10:21:36:13,63.00,23.00,22.87,983.42,259.43,455.90
2022:4:10:21:36:16,63.00,23.00,22.88,983.42,259.45,455.90
2022:4:10:21:36:18,63.00,23.00,22.88,983.41,259.56,455.90
2022:4:10:21:36:20,63.00,23.00,22.89,983.42,259.41,455.90
2022:4:10:21:36:22,63.00,23.00,22.89,983.43,259.35,471.34
2022:4:10:21:36:24,63.00,23.00,22.90,983.45,259.22,471.34
2022:4:10:21:36:26,63.00,23.00,22.89,983.41,259.53,471.34
2022:4:10:21:36:28,63.00,23.00,22.89,983.39,259.70,471.34
2022:4:10:21:36:30,63.00,23.10,22.90,983.45,259.21,471.34
2022:4:10:21:36:32,63.00,23.10,22.88,983.41,259.50,471.34
2022:4:10:21:36:34,63.00,23.00,22.88,983.41,259.56,471.34
2022:4:10:21:36:36,64.00,23.00,22.89,983.44,259.27,471.34
2022:4:10:21:36:38,64.00,23.10,22.89,983.41,259.54,471.34
2022:4:10:21:36:41,64.00,23.10,22.88,983.39,259.71,471.34
2022:4:10:21:36:43,64.00,23.10,22.89,983.39,259.73,471.34
2022:4:10:21:36:45,64.00,23.10,22.89,983.39,259.71,471.34
2022:4:10:21:36:47,64.00,23.10,22.89,983.40,259.62,471.34
2022:4:10:21:36:49,64.00,23.10,22.87,983.39,259.71,471.34
2022:4:10:21:36:51,64.00,23.10,22.85,983.41,259.48,471.34
2022:4:10:21:36:53,64.00,23.10,22.85,983.44,259.28,471.34
2022:4:10:21:36:55,64.00,23.10,22.85,983.44,259.23,471.34
2022:4:10:21:36:57,64.00,23.10,22.84,983.42,259.40,471.34
2022:4:10:21:36:59,64.00,23.10,22.85,983.43,259.35,471.34
2022:4:10:21:37:1,64.00,23.10,22.85,983.41,259.50,471.34
2022:4:10:21:37:3,64.00,23.10,22.84,983.43,259.34,471.34
2022:4:10:21:37:6,64.00,23.10,22.85,983.40,259.61,471.34
2022:4:10:21:37:8,64.00,23.10,22.86,983.43,259.36,471.34
2022:4:10:21:37:10,64.00,23.10,22.86,983.38,259.78,471.34
2022:4:10:21:37:12,64.00,23.10,22.86,983.40,259.57,471.34
2022:4:10:21:37:14,64.00,23.10,22.87,983.43,259.37,471.34
2022:4:10:21:37:16,64.00,23.10,22.87,983.40,259.58,471.34
2022:4:10:21:37:18,64.00,23.10,22.87,983.43,259.35,471.34
2022:4:10:21:37:20,64.00,23.10,22.88,983.41,259.55,471.34
2022:4:10:21:37:22,63.00,23.10,22.89,983.40,259.64,471.34
2022:4:10:21:37:24,63.00,23.10,22.89,983.41,259.53,471.34
2022:4:10:21:37:26,63.00,23.10,22.89,983.42,259.46,471.34
2022:4:10:21:37:28,64.00,23.10,22.89,983.41,259.50,471.34
2022:4:10:21:37:30,64.00,23.10,22.90,983.41,259.55,471.34
2022:4:10:21:37:33,64.00,23.10,22.91,983.40,259.65,471.34
2022:4:10:21:37:35,64.00,23.10,22.90,983.39,259.77,471.34
2022:4:10:21:37:37,64.00,23.10,22.91,983.38,259.78,471.34
2022:4:10:21:37:39,64.00,23.10,22.91,983.41,259.52,471.34
2022:4:10:21:37:41,64.00,23.10,22.92,983.42,259.52,471.34
2022:4:10:21:37:43,64.00,23.10,22.92,983.41,259.60,471.34
2022:4:10:21:37:45,64.00,23.10,22.92,983.39,259.72,471.34
2022:4:10:21:37:47,64.00,23.10,22.92,983.41,259.53,471.34
2022:4:10:21:37:49,64.00,23.10,22.93,983.43,259.39,471.34
2022:4:10:21:37:51,64.00,23.10,22.93,983.43,259.42,471.34
2022:4:10:21:37:53,64.00,23.10,22.93,983.41,259.56,471.34
2022:4:10:21:37:55,64.00,23.10,22.94,983.41,259.56,471.34
2022:4:10:21:37:58,64.00,23.10,22.94,983.44,259.35,471.34
2022:4:10:21:38:0,64.00,23.10,22.94,983.40,259.68,471.34
2022:4:10:21:38:2,64.00,23.10,22.94,983.42,259.52,471.34
2022:4:10:21:38:4,64.00,23.10,22.93,983.41,259.55,471.34
2022:4:10:21:38:6,64.00,23.10,22.92,983.39,259.72,471.34
2022:4:10:21:38:8,64.00,23.10,22.92,983.39,259.73,471.34
2022:4:10:21:38:10,64.00,23.10,22.91,983.41,259.55,471.34
2022:4:10:21:38:12,64.00,23.10,22.90,983.42,259.50,471.34
2022:4:10:21:38:14,64.00,23.10,22.91,983.40,259.68,471.34
2022:4:10:21:38:16,64.00,23.10,22.92,983.40,259.68,471.34
2022:4:10:21:38:18,64.00,23.10,22.92,983.43,259.40,471.34
2022:4:10:21:38:20,64.00,23.10,22.91,983.38,259.82,471.34
2022:4:10:21:38:23,64.00,23.10,22.92,983.40,259.64,471.34
2022:4:10:21:38:25,64.00,23.10,22.93,983.40,259.68,471.34
2022:4:10:21:38:27,64.00,23.10,22.93,983.41,259.56,471.34
2022:4:10:21:38:29,64.00,23.10,22.94,983.41,259.59,471.34
2022:4:10:21:38:31,64.00,23.10,22.94,983.41,259.62,471.34
2022:4:10:21:38:33,64.00,23.10,22.93,983.39,259.75,471.34
2022:4:10:21:38:35,64.00,23.10,22.93,983.43,259.42,471.34
2022:4:10:21:38:37,64.00,23.10,22.94,983.41,259.56,471.34
2022:4:10:21:38:39,64.00,23.10,22.93,983.42,259.49,471.34
2022:4:10:21:38:41,64.00,23.10,22.93,983.43,259.39,471.34
2022:4:10:21:38:43,63.00,23.10,22.93,983.44,259.34,471.34
2022:4:10:21:38:45,63.00,23.10,22.93,983.43,259.38,471.34
2022:4:10:21:38:47,63.00,23.10,22.93,983.40,259.71,471.34
2022:4:10:21:38:50,63.00,23.10,22.94,983.45,259.25,471.34
2022:4:10:21:38:52,63.00,23.10,22.94,983.42,259.48,471.34
2022:4:10:21:38:54,63.00,23.10,22.94,983.44,259.31,471.34
2022:4:10:21:38:56,63.00,23.10,22.94,983.40,259.66,471.34
2022:4:10:21:38:58,63.00,23.10,22.94,983.41,259.56,471.34
2022:4:10:21:39:0,63.00,23.10,22.94,983.43,259.40,471.34
2022:4:10:21:39:2,63.00,23.10,22.94,983.44,259.31,471.34
2022:4:10:21:39:4,63.00,23.10,22.93,983.44,259.35,471.34
2022:4:10:21:39:6,63.00,23.10,22.93,983.44,259.32,471.34
2022:4:10:21:39:8,63.00,23.10,22.91,983.43,259.37,471.34
2022:4:10:21:39:10,63.00,23.10,22.92,983.43,259.35,471.34
2022:4:10:21:39:12,63.00,23.10,22.91,983.42,259.47,471.34
2022:4:10:21:39:15,63.00,23.10,22.92,983.42,259.48,471.34
2022:4:10:21:39:17,63.00,23.10,22.90,983.42,259.42,471.34
2022:4:10:21:39:19,63.00,23.10,22.89,983.40,259.59,455.90
2022:4:10:21:39:21,63.00,23.10,22.89,983.44,259.29,471.34
2022:4:10:21:39:23,63.00,23.20,22.89,983.41,259.57,471.34
2022:4:10:21:39:25,63.00,23.10,22.89,983.43,259.39,455.90
2022:4:10:21:39:27,63.00,23.10,22.90,983.41,259.53,471.34
2022:4:10:21:39:29,63.00,23.20,22.90,983.44,259.30,455.90
2022:4:10:21:39:31,63.00,23.10,22.87,983.41,259.53,471.34
2022:4:10:21:39:33,63.00,23.10,22.85,983.40,259.64,471.34
2022:4:10:21:39:35,63.00,23.10,22.84,983.43,259.35,455.90
2022:4:10:21:39:37,63.00,23.10,22.83,983.44,259.23,455.90
2022:4:10:21:39:40,63.00,23.10,22.82,983.43,259.29,471.34
2022:4:10:21:39:42,63.00,23.10,22.82,983.44,259.20,471.34
2022:4:10:21:39:44,63.00,23.10,22.82,983.43,259.26,471.34
2022:4:10:21:39:46,63.00,23.10,22.81,983.42,259.42,455.90
2022:4:10:21:39:48,63.00,23.10,22.81,983.42,259.41,455.90
2022:4:10:21:39:50,63.00,23.10,22.80,983.44,259.19,455.90
2022:4:10:21:39:52,63.00,23.10,22.81,983.44,259.17,455.90
2022:4:10:21:39:54,63.00,23.10,22.80,983.46,259.01,455.90
2022:4:10:21:39:56,63.00,23.10,22.81,983.49,258.78,455.90
2022:4:10:21:39:58,63.00,23.10,22.80,983.45,259.14,455.90
2022:4:10:21:40:0,63.00,23.10,22.81,983.46,259.01,455.90
2022:4:10:21:40:2,63.00,23.10,22.81,983.44,259.17,455.90
2022:4:10:21:40:5,63.00,23.10,22.81,983.44,259.17,455.90
2022:4:10:21:40:7,63.00,23.10,22.82,983.47,258.93,455.90
2022:4:10:21:40:9,63.00,23.10,22.82,983.48,258.89,455.90
2022:4:10:21:40:11,63.00,23.10,22.83,983.46,259.04,471.34
2022:4:10:21:40:13,63.00,23.10,22.83,983.44,259.25,471.34
2022:4:10:21:40:15,63.00,23.10,22.83,983.43,259.30,455.90
2022:4:10:21:40:17,63.00,23.10,22.83,983.45,259.18,455.90
2022:4:10:21:40:19,63.00,23.10,22.84,983.46,259.04,455.90
2022:4:10:21:40:21,63.00,23.10,22.84,983.47,258.97,471.34
2022:4:10:21:40:23,63.00,23.10,22.84,983.48,258.91,455.90
2022:4:10:21:40:25,63.00,23.10,22.85,983.47,259.00,455.90
2022:4:10:21:40:27,63.00,23.10,22.85,983.46,259.04,455.90
2022:4:10:21:40:29,63.00,23.10,22.85,983.44,259.23,455.90
2022:4:10:21:40:32,63.00,23.10,22.86,983.46,259.06,455.90
2022:4:10:21:40:34,63.00,23.10,22.87,983.47,259.00,455.90
2022:4:10:21:40:36,63.00,23.10,22.87,983.48,258.88,455.90
2022:4:10:21:40:38,63.00,23.10,22.87,983.46,259.04,455.90
2022:4:10:21:40:40,63.00,23.10,22.87,983.43,259.33,455.90
2022:4:10:21:40:42,63.00,23.10,22.88,983.46,259.05,455.90
2022:4:10:21:40:44,63.00,23.10,22.87,983.49,258.82,455.90
2022:4:10:21:40:46,63.00,23.10,22.87,983.47,258.96,455.90
2022:4:10:21:40:48,63.00,23.10,22.87,983.46,259.12,455.90
2022:4:10:21:40:50,63.00,23.10,22.86,983.48,258.88,471.34
2022:4:10:21:40:52,63.00,23.10,22.85,983.48,258.92,455.90
2022:4:10:21:40:54,63.00,23.10,22.86,983.49,258.84,471.34
2022:4:10:21:40:57,63.00,23.10,22.85,983.45,259.18,471.34
2022:4:10:21:40:59,63.00,23.10,22.85,983.46,259.06,455.90
2022:4:10:21:41:1,63.00,23.10,22.86,983.48,258.93,455.90
2022:4:10:21:41:3,63.00,23.10,22.86,983.46,259.09,471.34
2022:4:10:21:41:5,63.00,23.10,22.86,983.47,258.96,455.90
2022:4:10:21:41:7,63.00,23.10,22.86,983.47,258.98,455.90
2022:4:10:21:41:9,63.00,23.10,22.86,983.45,259.12,455.90
2022:4:10:21:41:11,63.00,23.10,22.86,983.46,259.04,455.90
2022:4:10:21:41:13,63.00,23.10,22.87,983.46,259.04,455.90
2022:4:10:21:41:15,63.00,23.10,22.87,983.45,259.15,455.90
2022:4:10:21:41:17,63.00,23.10,22.87,983.48,258.92,455.90
2022:4:10:21:41:19,63.00,23.10,22.88,983.49,258.80,455.90
2022:4:10:21:41:22,63.00,23.10,22.87,983.48,258.91,455.90
2022:4:10:21:41:24,63.00,23.10,22.87,983.47,258.96,455.90
2022:4:10:21:41:26,63.00,23.10,22.88,983.46,259.06,471.34
2022:4:10:21:41:28,63.00,23.10,22.88,983.49,258.80,455.90
2022:4:10:21:41:30,63.00,23.10,22.89,983.50,258.78,455.90
2022:4:10:21:41:32,63.00,23.10,22.89,983.49,258.87,455.90
2022:4:10:21:41:34,63.00,23.10,22.88,983.50,258.70,455.90
2022:4:10:21:41:36,63.00,23.10,22.88,983.51,258.61,455.90
2022:4:10:21:41:38,63.00,23.10,22.87,983.48,258.88,455.90
2022:4:10:21:41:40,63.00,23.10,22.85,983.48,258.86,455.90
2022:4:10:21:41:42,63.00,23.10,22.86,983.48,258.87,455.90
2022:4:10:21:41:44,63.00,23.10,22.87,983.48,258.87,455.90
2022:4:10:21:41:46,63.00,23.10,22.88,983.51,258.62,455.90
2022:4:10:21:41:49,63.00,23.10,22.87,983.48,258.87,455.90
2022:4:10:21:41:51,63.00,23.10,22.87,983.47,258.97,455.90
2022:4:10:21:41:53,63.00,23.10,22.89,983.53,258.50,455.90
2022:4:10:21:41:55,63.00,23.10,22.88,983.48,258.91,455.90
2022:4:10:21:41:57,63.00,23.10,22.90,983.52,258.61,455.90
2022:4:10:21:41:59,63.00,23.10,22.89,983.46,259.06,471.34
2022:4:10:21:42:1,63.00,23.10,22.90,983.48,258.91,455.90
2022:4:10:21:42:3,63.00,23.10,22.91,983.51,258.67,455.90
2022:4:10:21:42:5,63.00,23.10,22.91,983.49,258.89,455.90
2022:4:10:21:42:7,63.00,23.10,22.91,983.51,258.66,455.90
2022:4:10:21:42:9,63.00,23.10,22.91,983.49,258.86,471.34
2022:4:10:21:42:11,63.00,23.10,22.92,983.48,258.92,471.34
2022:4:10:21:42:14,63.00,23.10,22.92,983.49,258.83,455.90
2022:4:10:21:42:16,63.00,23.10,22.93,983.51,258.69,471.34
2022:4:10:21:42:18,63.00,23.10,22.93,983.49,258.90,455.90
2022:4:10:21:42:20,63.00,23.10,22.93,983.50,258.76,471.34
2022:4:10:21:42:22,63.00,23.10,22.93,983.48,258.98,455.90
2022:4:10:21:42:24,63.00,23.10,22.95,983.50,258.79,471.34
2022:4:10:21:42:26,63.00,23.10,22.95,983.50,258.76,455.90
2022:4:10:21:42:28,63.00,23.10,22.95,983.50,258.80,471.34
2022:4:10:21:42:30,63.00,23.10,22.97,983.49,258.86,471.34
2022:4:10:21:42:32,63.00,23.10,22.96,983.50,258.80,471.34
2022:4:10:21:42:34,63.00,23.10,22.97,983.49,258.90,471.34
2022:4:10:21:42:36,64.00,23.10,22.98,983.50,258.83,471.34
2022:4:10:21:42:39,64.00,23.10,22.97,983.49,258.90,471.34
2022:4:10:21:42:41,64.00,23.10,22.98,983.51,258.77,471.34
2022:4:10:21:42:43,64.00,23.10,22.98,983.48,258.96,471.34
2022:4:10:21:42:45,64.00,23.10,22.98,983.48,258.98,471.34
2022:4:10:21:42:47,64.00,23.20,22.98,983.49,258.90,471.34
2022:4:10:21:42:49,64.00,23.20,22.99,983.50,258.83,471.34
2022:4:10:21:42:51,64.00,23.10,23.00,983.50,258.86,471.34
2022:4:10:21:42:53,64.00,23.10,22.99,983.55,258.39,471.34
2022:4:10:21:42:55,64.00,23.10,23.00,983.52,258.67,471.34
2022:4:10:21:42:57,64.00,23.10,23.00,983.51,258.80,471.34
2022:4:10:21:42:59,64.00,23.20,23.01,983.55,258.38,471.34
2022:4:10:21:43:1,64.00,23.20,23.00,983.52,258.71,471.34
2022:4:10:21:43:3,64.00,23.20,23.00,983.49,258.96,471.34
2022:4:10:21:43:6,64.00,23.20,23.01,983.51,258.78,471.34
2022:4:10:21:43:8,64.00,23.20,23.02,983.50,258.87,471.34
2022:4:10:21:43:10,64.00,23.20,23.02,983.51,258.78,471.34
2022:4:10:21:43:12,64.00,23.20,23.02,983.54,258.54,471.34
2022:4:10:21:43:14,64.00,23.20,23.02,983.51,258.78,471.34
2022:4:10:21:43:16,64.00,23.20,23.01,983.51,258.80,471.34
2022:4:10:21:43:18,64.00,23.20,23.02,983.52,258.68,471.34
2022:4:10:21:43:20,64.00,23.20,23.02,983.50,258.85,471.34
2022:4:10:21:43:22,64.00,23.10,23.02,983.49,258.97,471.34
2022:4:10:21:43:24,64.00,23.20,23.03,983.54,258.52,471.34
2022:4:10:21:43:26,64.00,23.20,23.03,983.51,258.80,471.34
2022:4:10:21:43:28,64.00,23.20,23.03,983.50,258.87,471.34
2022:4:10:21:43:31,64.00,23.20,23.03,983.53,258.59,471.34
2022:4:10:21:43:33,64.00,23.20,23.04,983.52,258.68,471.34
2022:4:10:21:43:35,64.00,23.20,23.04,983.53,258.64,471.34
2022:4:10:21:43:37,64.00,23.20,23.05,983.49,258.98,471.34
2022:4:10:21:43:39,64.00,23.20,23.06,983.49,258.97,471.34
2022:4:10:21:43:41,64.00,23.20,23.06,983.51,258.85,471.34
2022:4:10:21:43:43,64.00,23.20,23.06,983.54,258.58,471.34
2022:4:10:21:43:45,64.00,23.20,23.07,983.51,258.84,487.13
2022:4:10:21:43:47,64.00,23.20,23.06,983.51,258.81,471.34
2022:4:10:21:43:49,64.00,23.20,23.07,983.53,258.66,471.34
2022:4:10:21:43:51,64.00,23.20,23.08,983.52,258.71,471.34
2022:4:10:21:43:53,64.00,23.20,23.08,983.53,258.64,487.13
2022:4:10:21:43:56,64.00,23.20,23.07,983.50,258.92,487.13
2022:4:10:21:43:58,64.00,23.20,23.07,983.49,258.99,471.34
2022:4:10:21:44:0,64.00,23.20,23.07,983.52,258.71,487.13
2022:4:10:21:44:2,64.00,23.20,23.07,983.48,259.06,471.34
2022:4:10:21:44:4,64.00,23.20,23.07,983.54,258.52,471.34
2022:4:10:21:44:6,64.00,23.20,23.08,983.55,258.47,471.34
2022:4:10:21:44:8,64.00,23.20,23.08,983.52,258.69,471.34
2022:4:10:21:44:10,64.00,23.20,23.07,983.54,258.59,487.13
2022:4:10:21:44:12,64.00,23.20,23.08,983.52,258.77,471.34
2022:4:10:21:44:14,64.00,23.20,23.08,983.49,258.99,471.34
2022:4:10:21:44:16,64.00,23.20,23.08,983.52,258.75,487.13
2022:4:10:21:44:18,64.00,23.20,23.07,983.50,258.87,471.34
2022:4:10:21:44:20,64.00,23.20,23.09,983.50,258.93,471.34
2022:4:10:21:44:23,64.00,23.20,23.08,983.51,258.79,471.34
2022:4:10:21:44:25,64.00,23.20,23.08,983.54,258.55,471.34
2022:4:10:21:44:27,64.00,23.20,23.08,983.51,258.85,471.34
2022:4:10:21:44:29,63.00,23.20,23.08,983.54,258.55,471.34
2022:4:10:21:44:31,63.00,23.20,23.08,983.51,258.84,471.34
2022:4:10:21:44:33,63.00,23.20,23.08,983.54,258.51,471.34
2022:4:10:21:44:35,63.00,23.20,23.08,983.53,258.68,471.34
2022:4:10:21:44:37,63.00,23.20,23.08,983.51,258.82,471.34
2022:4:10:21:44:39,63.00,23.20,23.08,983.51,258.80,471.34
2022:4:10:21:44:41,63.00,23.20,23.07,983.52,258.72,471.34
2022:4:10:21:44:43,63.00,23.20,23.07,983.51,258.83,471.34
2022:4:10:21:44:45,63.00,23.20,23.07,983.49,258.96,471.34
2022:4:10:21:44:48,63.00,23.20,23.07,983.52,258.70,471.34
2022:4:10:21:44:50,63.00,23.20,23.06,983.53,258.67,471.34
2022:4:10:21:44:52,63.00,23.20,23.07,983.53,258.63,471.34
2022:4:10:21:44:54,63.00,23.20,23.07,983.53,258.68,471.34
2022:4:10:21:44:56,63.00,23.20,23.06,983.50,258.87,471.34
2022:4:10:21:44:58,63.00,23.20,23.06,983.53,258.63,471.34
2022:4:10:21:45:0,63.00,23.20,23.08,983.53,258.64,471.34
2022:4:10:21:45:2,63.00,23.20,23.06,983.51,258.82,471.34
2022:4:10:21:45:4,63.00,23.20,23.06,983.50,258.89,471.34
2022:4:10:21:45:6,63.00,23.20,23.06,983.48,259.04,471.34
2022:4:10:21:45:8,63.00,23.20,23.07,983.51,258.78,471.34
2022:4:10:21:45:10,63.00,23.20,23.07,983.53,258.66,471.34
2022:4:10:21:45:13,63.00,23.20,23.06,983.52,258.70,471.34
2022:4:10:21:45:15,63.00,23.20,23.07,983.53,258.63,471.34
2022:4:10:21:45:17,63.00,23.20,23.06,983.51,258.81,471.34
2022:4:10:21:45:19,63.00,23.20,23.07,983.53,258.66,471.34
2022:4:10:21:45:21,63.00,23.20,23.07,983.54,258.51,471.34
2022:4:10:21:45:23,63.00,23.20,23.07,983.53,258.66,471.34
2022:4:10:21:45:25,63.00,23.20,23.06,983.52,258.70,471.34
2022:4:10:21:45:27,63.00,23.20,23.07,983.51,258.77,471.34
2022:4:10:21:45:29,63.00,23.20,23.07,983.51,258.81,455.90
2022:4:10:21:45:31,63.00,23.20,23.07,983.52,258.76,471.34
2022:4:10:21:45:33,63.00,23.20,23.07,983.51,258.84,455.90
2022:4:10:21:45:35,63.00,23.20,23.07,983.53,258.61,471.34
2022:4:10:21:45:37,63.00,23.20,23.06,983.50,258.88,455.90
2022:4:10:21:45:40,63.00,23.20,23.06,983.51,258.83,471.34
2022:4:10:21:45:42,63.00,23.20,23.06,983.51,258.81,471.34
2022:4:10:21:45:44,63.00,23.20,23.06,983.49,258.97,471.34
2022:4:10:21:45:46,63.00,23.20,23.06,983.49,258.98,471.34
2022:4:10:21:45:48,63.00,23.20,23.07,983.50,258.93,471.34
2022:4:10:21:45:50,63.00,23.20,23.07,983.51,258.84,471.34
2022:4:10:21:45:52,63.00,23.20,23.07,983.50,258.89,471.34
2022:4:10:21:45:54,63.00,23.20,23.07,983.48,259.12,471.34
2022:4:10:21:45:56,63.00,23.20,23.08,983.52,258.72,471.34
2022:4:10:21:45:58,63.00,23.20,23.07,983.51,258.81,471.34
2022:4:10:21:46:0,63.00,23.20,23.07,983.53,258.62,471.34
2022:4:10:21:46:2,63.00,23.20,23.07,983.52,258.72,471.34
2022:4:10:21:46:5,63.00,23.20,23.07,983.52,258.70,471.34
2022:4:10:21:46:7,63.00,23.20,23.06,983.54,258.57,471.34
2022:4:10:21:46:9,63.00,23.20,23.06,983.53,258.66,455.90
2022:4:10:21:46:11,63.00,23.20,23.07,983.53,258.68,471.34
2022:4:10:21:46:13,63.00,23.20,23.06,983.52,258.72,471.34
2022:4:10:21:46:15,63.00,23.20,23.07,983.52,258.74,471.34
2022:4:10:21:46:17,63.00,23.20,23.07,983.52,258.69,471.34
2022:4:10:21:46:19,63.00,23.20,23.07,983.55,258.48,471.34
2022:4:10:21:46:21,63.00,23.20,23.08,983.53,258.62,471.34
2022:4:10:21:46:23,63.00,23.20,23.07,983.53,258.63,471.34
2022:4:10:21:46:25,63.00,23.20,23.07,983.55,258.42,471.34
2022:4:10:21:46:27,63.00,23.20,23.06,983.54,258.54,471.34
2022:4:10:21:46:30,63.00,23.20,23.06,983.54,258.57,471.34
2022:4:10:21:46:32,63.00,23.20,23.06,983.52,258.74,471.34
2022:4:10:21:46:34,63.00,23.20,23.06,983.53,258.59,471.34
2022:4:10:21:46:36,63.00,23.20,23.07,983.52,258.71,471.34
2022:4:10:21:46:38,63.00,23.20,23.07,983.53,258.65,471.34
2022:4:10:21:46:40,63.00,23.20,23.07,983.56,258.35,471.34
2022:4:10:21:46:42,63.00,23.20,23.07,983.55,258.49,471.34
2022:4:10:21:46:44,63.00,23.20,23.07,983.57,258.31,471.34
2022:4:10:21:46:46,63.00,23.20,23.06,983.55,258.41,471.34
2022:4:10:21:46:48,63.00,23.20,23.07,983.57,258.26,471.34
2022:4:10:21:46:50,63.00,23.20,23.08,983.53,258.68,471.34
2022:4:10:21:46:52,63.00,23.20,23.08,983.57,258.29,471.34
2022:4:10:21:46:55,63.00,23.20,23.08,983.54,258.58,471.34
2022:4:10:21:46:57,63.00,23.20,23.08,983.54,258.53,471.34
2022:4:10:21:46:59,63.00,23.20,23.08,983.57,258.27,471.34
2022:4:10:21:47:1,63.00,23.20,23.08,983.57,258.26,471.34
2022:4:10:21:47:3,63.00,23.20,23.09,983.57,258.31,471.34
2022:4:10:21:47:5,63.00,23.20,23.08,983.54,258.53,471.34
2022:4:10:21:47:7,63.00,23.20,23.08,983.55,258.43,471.34
2022:4:10:21:47:9,63.00,23.20,23.08,983.58,258.20,471.34
2022:4:10:21:47:11,63.00,23.20,23.08,983.56,258.38,471.34
2022:4:10:21:47:13,63.00,23.20,23.07,983.56,258.40,471.34
2022:4:10:21:47:15,63.00,23.20,23.07,983.56,258.37,471.34
2022:4:10:21:47:17,63.00,23.20,23.06,983.54,258.54,471.34
2022:4:10:21:47:19,63.00,23.20,23.06,983.56,258.34,471.34
2022:4:10:21:47:22,63.00,23.20,23.07,983.58,258.21,471.34
2022:4:10:21:47:24,63.00,23.20,23.07,983.55,258.47,471.34
2022:4:10:21:47:26,63.00,23.20,23.08,983.55,258.43,471.34
2022:4:10:21:47:28,63.00,23.20,23.07,983.55,258.48,471.34
2022:4:10:21:47:30,63.00,23.20,23.08,983.56,258.37,471.34
2022:4:10:21:47:32,63.00,23.20,23.08,983.59,258.15,471.34
2022:4:10:21:47:34,63.00,23.20,23.08,983.55,258.50,455.90
2022:4:10:21:47:36,63.00,23.20,23.08,983.55,258.48,455.90
2022:4:10:21:47:38,63.00,23.20,23.08,983.57,258.27,471.34
2022:4:10:21:47:40,63.00,23.20,23.08,983.56,258.37,471.34
2022:4:10:21:47:42,63.00,23.20,23.07,983.57,258.24,471.34
2022:4:10:21:47:44,63.00,23.20,23.07,983.58,258.18,455.90
2022:4:10:21:47:47,63.00,23.20,23.07,983.57,258.29,471.34
2022:4:10:21:47:49,63.00,23.20,23.06,983.55,258.44,455.90
2022:4:10:21:47:51,63.00,23.20,23.07,983.57,258.32,455.90
2022:4:10:21:47:53,63.00,23.20,23.08,983.58,258.20,455.90
2022:4:10:21:47:55,63.00,23.20,23.08,983.59,258.13,471.34
2022:4:10:21:47:57,63.00,23.20,23.08,983.57,258.31,471.34
2022:4:10:21:47:59,63.00,23.20,23.09,983.60,258.07,471.34
2022:4:10:21:48:1,63.00,23.20,23.08,983.54,258.56,471.34
2022:4:10:21:48:3,63.00,23.20,23.08,983.57,258.29,471.34
2022:4:10:21:48:5,63.00,23.20,23.08,983.55,258.44,471.34
2022:4:10:21:48:7,63.00,23.20,23.09,983.58,258.23,471.34
2022:4:10:21:48:9,63.00,23.20,23.08,983.57,258.29,455.90
2022:4:10:21:48:12,63.00,23.20,23.08,983.58,258.22,471.34
2022:4:10:21:48:14,63.00,23.20,23.08,983.58,258.24,471.34
2022:4:10:21:48:16,63.00,23.20,23.08,983.59,258.07,471.34
2022:4:10:21:48:18,63.00,23.20,23.08,983.58,258.22,455.90
2022:4:10:21:48:20,63.00,23.10,23.08,983.58,258.24,455.90
2022:4:10:21:48:22,63.00,23.20,23.08,983.59,258.09,455.90
2022:4:10:21:48:24,63.00,23.20,23.08,983.57,258.25,471.34
2022:4:10:21:48:26,63.00,23.20,23.08,983.59,258.11,455.90
2022:4:10:21:48:28,63.00,23.20,23.09,983.56,258.41,471.34
2022:4:10:21:48:30,63.00,23.20,23.08,983.58,258.24,471.34
2022:4:10:21:48:32,63.00,23.20,23.08,983.56,258.35,455.90
2022:4:10:21:48:34,63.00,23.20,23.07,983.58,258.16,455.90
2022:4:10:21:48:36,63.00,23.20,23.08,983.58,258.22,471.34
2022:4:10:21:48:39,63.00,23.20,23.08,983.57,258.26,455.90
2022:4:10:21:48:41,63.00,23.20,23.08,983.58,258.22,455.90
2022:4:10:21:48:43,63.00,23.10,23.08,983.57,258.25,455.90
2022:4:10:21:48:45,63.00,23.20,23.08,983.60,257.98,455.90
2022:4:10:21:48:47,63.00,23.20,23.08,983.59,258.15,455.90
2022:4:10:21:48:49,63.00,23.10,23.08,983.60,258.00,455.90
2022:4:10:21:48:51,63.00,23.20,23.08,983.61,257.95,471.34
2022:4:10:21:48:53,63.00,23.10,23.08,983.59,258.10,455.90
2022:4:10:21:48:55,63.00,23.20,23.08,983.59,258.09,455.90
2022:4:10:21:48:57,63.00,23.20,23.07,983.61,257.92,455.90
2022:4:10:21:48:59,63.00,23.10,23.06,983.60,257.99,455.90
2022:4:10:21:49:1,63.00,23.20,23.05,983.58,258.16,471.34
2022:4:10:21:49:4,63.00,23.10,23.05,983.58,258.20,455.90
2022:4:10:21:49:6,63.00,23.10,23.05,983.61,257.95,455.90
2022:4:10:21:49:8,63.00,23.20,23.05,983.57,258.23,455.90
2022:4:10:21:49:10,63.00,23.20,23.04,983.59,258.05,455.90
2022:4:10:21:49:12,63.00,23.20,23.05,983.60,257.97,455.90
2022:4:10:21:49:14,63.00,23.10,23.04,983.58,258.13,455.90
2022:4:10:21:49:16,63.00,23.10,23.05,983.61,257.91,455.90
2022:4:10:21:49:18,63.00,23.10,23.05,983.58,258.19,455.90
2022:4:10:21:49:20,63.00,23.20,23.05,983.61,257.95,455.90
2022:4:10:21:49:22,63.00,23.10,23.05,983.59,258.10,455.90
2022:4:10:21:49:24,63.00,23.10,23.05,983.59,258.08,455.90
2022:4:10:21:49:26,63.00,23.20,23.05,983.59,258.09,455.90
2022:4:10:21:49:29,63.00,23.10,23.05,983.59,258.05,455.90
2022:4:10:21:49:31,63.00,23.10,23.05,983.58,258.16,455.90
2022:4:10:21:49:33,63.00,23.10,23.05,983.57,258.29,455.90
2022:4:10:21:49:35,63.00,23.20,23.05,983.58,258.14,455.90
2022:4:10:21:49:37,63.00,23.10,23.05,983.60,257.96,455.90
2022:4:10:21:49:39,63.00,23.10,23.05,983.57,258.24,455.90
2022:4:10:21:49:41,63.00,23.10,23.05,983.59,258.11,455.90
2022:4:10:21:49:43,63.00,23.10,23.06,983.59,258.07,455.90
2022:4:10:21:49:45,63.00,23.10,23.06,983.58,258.17,455.90
2022:4:10:21:49:47,63.00,23.10,23.06,983.58,258.20,455.90
2022:4:10:21:49:49,63.00,23.10,23.07,983.61,257.94,471.34
2022:4:10:21:49:51,63.00,23.10,23.07,983.59,258.12,471.34
2022:4:10:21:49:53,63.00,23.10,23.07,983.60,258.05,455.90
2022:4:10:21:49:56,63.00,23.10,23.07,983.62,257.82,455.90
2022:4:10:21:49:58,63.00,23.10,23.07,983.57,258.29,455.90
2022:4:10:21:50:0,63.00,23.10,23.07,983.61,257.90,455.90
2022:4:10:21:50:2,63.00,23.20,23.07,983.62,257.87,455.90
2022:4:10:21:50:4,63.00,23.10,23.07,983.60,257.98,455.90
2022:4:10:21:50:6,63.00,23.10,23.07,983.64,257.70,471.34
2022:4:10:21:50:8,63.00,23.10,23.07,983.63,257.71,455.90
2022:4:10:21:50:10,63.00,23.10,23.07,983.63,257.72,455.90
2022:4:10:21:50:12,63.00,23.10,23.07,983.61,257.90,455.90
2022:4:10:21:50:14,63.00,23.10,23.07,983.61,257.96,455.90
2022:4:10:21:50:16,63.00,23.10,23.08,983.60,258.01,455.90
2022:4:10:21:50:18,63.00,23.10,23.07,983.62,257.80,455.90
2022:4:10:21:50:21,63.00,23.10,23.07,983.61,257.89,455.90
2022:4:10:21:50:23,63.00,23.10,23.06,983.63,257.74,455.90
2022:4:10:21:50:25,63.00,23.10,23.06,983.61,257.92,455.90
2022:4:10:21:50:27,63.00,23.10,23.07,983.65,257.53,455.90
2022:4:10:21:50:29,63.00,23.10,23.06,983.64,257.69,455.90
2022:4:10:21:50:31,63.00,23.10,23.06,983.65,257.61,455.90
2022:4:10:21:50:33,63.00,23.10,23.05,983.63,257.71,455.90
2022:4:10:21:50:35,63.00,23.10,23.06,983.64,257.67,455.90
2022:4:10:21:50:37,63.00,23.10,23.05,983.63,257.74,455.90
2022:4:10:21:50:39,63.00,23.10,23.04,983.63,257.72,455.90
2022:4:10:21:50:41,63.00,23.10,23.03,983.62,257.84,455.90
2022:4:10:21:50:43,63.00,23.10,23.04,983.61,257.87,455.90
2022:4:10:21:50:46,63.00,23.10,23.03,983.61,257.87,455.90
2022:4:10:21:50:48,63.00,23.10,23.02,983.60,258.00,455.90
2022:4:10:21:50:50,63.00,23.10,23.03,983.64,257.67,455.90
2022:4:10:21:50:52,63.00,23.10,23.03,983.64,257.60,455.90
2022:4:10:21:50:54,63.00,23.10,23.02,983.62,257.77,455.90
2022:4:10:21:50:56,63.00,23.10,23.02,983.62,257.83,455.90
2022:4:10:21:50:58,63.00,23.10,23.02,983.63,257.68,455.90
2022:4:10:21:51:0,63.00,23.10,23.02,983.63,257.72,455.90
2022:4:10:21:51:2,63.00,23.10,23.02,983.62,257.75,455.90
2022:4:10:21:51:4,63.00,23.10,23.01,983.60,258.00,455.90
2022:4:10:21:51:6,63.00,23.10,23.01,983.65,257.53,455.90
2022:4:10:21:51:8,63.00,23.10,23.01,983.66,257.46,455.90
2022:4:10:21:51:11,63.00,23.10,23.01,983.64,257.61,455.90
2022:4:10:21:51:13,63.00,23.10,23.00,983.65,257.53,455.90
2022:4:10:21:51:15,63.00,23.10,23.00,983.66,257.41,455.90
2022:4:10:21:51:17,63.00,23.10,23.00,983.66,257.45,455.90
2022:4:10:21:51:19,63.00,23.10,23.00,983.65,257.54,455.90
2022:4:10:21:51:21,63.00,23.10,22.99,983.65,257.52,455.90
2022:4:10:21:51:23,63.00,23.10,23.00,983.65,257.52,455.90
2022:4:10:21:51:25,63.00,23.10,23.00,983.63,257.69,455.90
2022:4:10:21:51:27,63.00,23.10,22.99,983.63,257.68,455.90
2022:4:10:21:51:29,63.00,23.10,22.99,983.61,257.85,455.90
2022:4:10:21:51:31,63.00,23.10,22.98,983.60,257.98,455.90
2022:4:10:21:51:33,63.00,23.10,22.98,983.63,257.71,455.90
2022:4:10:21:51:35,63.00,23.10,22.98,983.62,257.80,455.90
2022:4:10:21:51:38,63.00,23.10,22.98,983.65,257.50,455.90
2022:4:10:21:51:40,63.00,23.10,22.97,983.63,257.67,455.90
2022:4:10:21:51:42,63.00,23.10,22.97,983.65,257.46,455.90
2022:4:10:21:51:44,63.00,23.10,22.97,983.64,257.55,455.90
2022:4:10:21:51:46,63.00,23.10,22.97,983.62,257.75,455.90
2022:4:10:21:51:48,63.00,23.10,22.96,983.64,257.57,455.90
2022:4:10:21:51:50,63.00,23.10,22.96,983.64,257.61,455.90
2022:4:10:21:51:52,63.00,23.10,22.95,983.63,257.69,455.90
2022:4:10:21:51:54,63.00,23.10,22.96,983.65,257.50,455.90
2022:4:10:21:51:56,63.00,23.10,22.95,983.62,257.71,455.90
2022:4:10:21:51:58,63.00,23.10,22.95,983.63,257.63,455.90
2022:4:10:21:52:0,63.00,23.10,22.95,983.62,257.72,455.90
2022:4:10:21:52:3,63.00,23.10,22.95,983.63,257.63,455.90
2022:4:10:21:52:5,63.00,23.10,22.94,983.62,257.73,455.90
2022:4:10:21:52:7,63.00,23.10,22.95,983.64,257.54,455.90
2022:4:10:21:52:9,63.00,23.10,22.94,983.65,257.48,455.90
2022:4:10:21:52:11,63.00,23.10,22.93,983.63,257.66,455.90
2022:4:10:21:52:13,63.00,23.10,22.92,983.60,257.85,455.90
2022:4:10:21:52:15,63.00,23.10,22.91,983.64,257.56,455.90
2022:4:10:21:52:17,63.00,23.10,22.90,983.63,257.57,455.90
2022:4:10:21:52:19,63.00,23.10,22.89,983.62,257.68,455.90
2022:4:10:21:52:21,63.00,23.10,22.89,983.63,257.57,455.90
2022:4:10:21:52:23,63.00,23.10,22.89,983.64,257.52,455.90
2022:4:10:21:52:25,63.00,23.10,22.89,983.61,257.74,455.90
2022:4:10:21:52:28,63.00,23.10,22.89,983.62,257.65,455.90
2022:4:10:21:52:30,63.00,23.10,22.89,983.62,257.72,455.90
2022:4:10:21:52:32,63.00,23.10,22.89,983.61,257.77,455.90
2022:4:10:21:52:34,63.00,23.10,22.89,983.63,257.61,455.90
2022:4:10:21:52:36,63.00,23.10,22.89,983.60,257.87,455.90
2022:4:10:21:52:38,63.00,23.10,22.89,983.62,257.71,455.90
2022:4:10:21:52:40,63.00,23.10,22.89,983.62,257.69,455.90
2022:4:10:21:52:42,63.00,23.10,22.89,983.62,257.71,455.90
2022:4:10:21:52:44,63.00,23.10,22.89,983.62,257.72,455.90
2022:4:10:21:52:46,63.00,23.10,22.89,983.62,257.72,455.90
2022:4:10:21:52:48,63.00,23.10,22.89,983.61,257.77,455.90
2022:4:10:21:52:50,63.00,23.10,22.89,983.64,257.53,455.90
2022:4:10:21:52:52,63.00,23.10,22.90,983.64,257.54,455.90
2022:4:10:21:52:55,63.00,23.00,22.88,983.64,257.48,455.90
2022:4:10:21:52:57,63.00,23.10,22.84,983.62,257.61,455.90
2022:4:10:21:52:59,63.00,23.10,22.83,983.61,257.68,455.90
2022:4:10:21:53:1,63.00,23.10,22.81,983.60,257.83,455.90
2022:4:10:21:53:3,63.00,23.10,22.80,983.64,257.44,455.90
2022:4:10:21:53:5,63.00,23.10,22.79,983.64,257.43,455.90
2022:4:10:21:53:7,63.00,23.10,22.77,983.63,257.50,455.90
2022:4:10:21:53:9,63.00,23.10,22.77,983.61,257.66,455.90
2022:4:10:21:53:11,63.00,23.10,22.77,983.63,257.46,455.90
2022:4:10:21:53:13,63.00,23.10,22.77,983.61,257.63,455.90
2022:4:10:21:53:15,63.00,23.10,22.75,983.62,257.54,455.90
2022:4:10:21:53:17,63.00,23.10,22.75,983.63,257.43,455.90
2022:4:10:21:53:20,63.00,23.10,22.75,983.59,257.78,455.90
2022:4:10:21:53:22,63.00,23.10,22.75,983.62,257.56,455.90
2022:4:10:21:53:24,63.00,23.10,22.74,983.65,257.27,455.90
2022:4:10:21:53:26,63.00,23.10,22.75,983.61,257.64,455.90
2022:4:10:21:53:28,63.00,23.00,22.74,983.60,257.73,455.90
2022:4:10:21:53:30,63.00,23.10,22.75,983.61,257.63,455.90
2022:4:10:21:53:32,63.00,23.10,22.75,983.61,257.69,455.90
2022:4:10:21:53:34,63.00,23.10,22.74,983.60,257.71,455.90
2022:4:10:21:53:36,63.00,23.10,22.74,983.64,257.39,455.90
2022:4:10:21:53:38,63.00,23.10,22.74,983.63,257.48,455.90
2022:4:10:21:53:40,63.00,23.10,22.73,983.62,257.54,455.90
2022:4:10:21:53:42,63.00,23.10,22.71,983.64,257.31,455.90
2022:4:10:21:53:45,63.00,23.10,22.70,983.65,257.21,455.90
2022:4:10:21:53:47,63.00,23.10,22.69,983.64,257.29,455.90
2022:4:10:21:53:49,63.00,23.10,22.69,983.63,257.45,455.90
2022:4:10:21:53:51,63.00,23.00,22.68,983.67,257.08,455.90
2022:4:10:21:53:53,63.00,23.00,22.67,983.66,257.14,455.90
2022:4:10:21:53:55,63.00,23.00,22.68,983.66,257.14,455.90
2022:4:10:21:53:57,63.00,23.10,22.68,983.67,257.05,455.90
2022:4:10:21:53:59,63.00,23.10,22.69,983.62,257.55,455.90
2022:4:10:21:54:1,63.00,23.00,22.70,983.60,257.65,455.90
2022:4:10:21:54:3,63.00,23.00,22.70,983.66,257.17,455.90
2022:4:10:21:54:5,63.00,23.10,22.70,983.65,257.24,455.90
2022:4:10:21:54:7,63.00,23.10,22.72,983.67,257.11,455.90
2022:4:10:21:54:9,63.00,23.10,22.71,983.63,257.44,455.90
2022:4:10:21:54:12,63.00,23.10,22.71,983.65,257.27,455.90
2022:4:10:21:54:14,63.00,23.00,22.72,983.66,257.17,455.90
2022:4:10:21:54:16,63.00,23.00,22.72,983.64,257.37,455.90
2022:4:10:21:54:18,63.00,23.00,22.70,983.66,257.15,455.90
2022:4:10:21:54:20,63.00,23.00,22.67,983.64,257.27,455.90
2022:4:10:21:54:22,63.00,23.00,22.64,983.68,256.92,455.90
2022:4:10:21:54:24,63.00,23.10,22.63,983.65,257.21,455.90
2022:4:10:21:54:26,63.00,23.00,22.61,983.68,256.92,455.90
2022:4:10:21:54:28,63.00,23.00,22.59,983.66,257.08,455.90
2022:4:10:21:54:30,63.00,23.00,22.58,983.66,257.10,455.90
2022:4:10:21:54:32,63.00,23.00,22.59,983.67,257.00,455.90
2022:4:10:21:54:34,63.00,23.00,22.59,983.67,257.00,455.90
2022:4:10:21:54:37,63.00,23.00,22.59,983.66,257.11,455.90
2022:4:10:21:54:39,63.00,23.00,22.59,983.64,257.28,455.90
2022:4:10:21:54:41,63.00,23.00,22.59,983.64,257.24,455.90
2022:4:10:21:54:43,63.00,23.00,22.60,983.68,256.93,455.90
2022:4:10:21:54:45,63.00,23.00,22.60,983.66,257.10,455.90
2022:4:10:21:54:47,63.00,23.00,22.60,983.63,257.32,455.90
2022:4:10:21:54:49,63.00,23.00,22.59,983.65,257.18,455.90
2022:4:10:21:54:51,63.00,23.00,22.60,983.64,257.25,440.78
2022:4:10:21:54:53,63.00,23.00,22.60,983.69,256.83,455.90
2022:4:10:21:54:55,63.00,23.00,22.60,983.65,257.18,455.90
2022:4:10:21:54:57,63.00,23.00,22.60,983.66,257.09,455.90
2022:4:10:21:54:59,63.00,23.00,22.60,983.65,257.20,455.90
2022:4:10:21:55:2,63.00,23.00,22.60,983.63,257.36,455.90
2022:4:10:21:55:4,63.00,23.00,22.59,983.66,257.02,455.90
2022:4:10:21:55:6,63.00,23.00,22.59,983.65,257.14,455.90
2022:4:10:21:55:8,63.00,23.00,22.60,983.67,256.96,455.90
2022:4:10:21:55:10,63.00,23.00,22.60,983.67,256.97,455.90
